date,ret
2010-01-04,0.02831773594037609
2010-01-05,0.019369942561024166
2010-01-06,0.005494459706959705
2010-01-07,0.019808812377450566
2010-01-08,-0.002455927607592686
2010-01-11,-0.0033572291853178862
2010-01-12,-0.02335497469919082
2010-01-13,0.017475234882720767
2010-01-14,0.009943480225988706
2010-01-15,-0.022600112387561263
2010-01-19,-0.009157532051282124
2010-01-20,0.0027727126333807004
2010-01-21,-0.06589863751619175
2010-01-22,-0.03404047770003772
2010-01-25,0.0012767875383043843
2010-01-26,-0.019637847988723388
2010-01-27,0.02315304430679096
2010-01-28,0.0038138314867107435
2010-01-29,-0.01367783687943254
2010-02-01,0.017719620383143814
2010-02-02,0.023214685258271875
2010-02-03,-0.0064117880742733425
2010-02-04,-0.048150979197047035
2010-02-05,-0.0013037549571710456
2010-02-08,-0.015665744534353626
2010-02-09,0.018302333732033473
2010-02-10,0.012503256381955208
2010-02-11,0.0038590430630060773
2010-02-12,-0.0017939261916966377
2010-02-16,0.028754787451738446
2010-02-17,-0.0007486648365359759
2010-02-18,0.009240734034946524
2010-02-19,-0.00940363771343727
2010-02-22,0.020484612053075568
2010-02-23,-0.02374533775986964
2010-02-24,0.02432289307114108
2010-02-25,-0.005140734645813285
2010-02-26,0.03272642797063079
2010-03-01,-0.0033356920815894925
2010-03-02,-0.005020391823074749
2010-03-03,-0.002162421964498447
2010-03-04,0.009390777977143779
2010-03-05,0.021230988608348697
2010-03-08,-0.005139009457159236
2010-03-09,-0.003991594270955711
2010-03-10,0.012022678548924026
2010-03-11,0.0058234334963894714
2010-03-12,-0.0006947197776748282
2010-03-15,-0.001854043946510138
2010-03-16,0.003947109356861011
2010-03-17,0.012719680262734484
2010-03-18,-0.0034254851923846206
2010-03-19,-0.004353758119930197
2010-03-22,0.006674361181257596
2010-03-23,0.019204388696644235
2010-03-24,0.008075302464095895
2010-03-25,0.0
2010-03-26,0.0017801736043652977
2010-03-29,-0.0035539537983118414
2010-03-30,-0.006241618229121387
2010-03-31,0.0038133241896220562
2010-04-01,0.009608938547486028
2010-04-05,0.0035413899955733445
2010-04-06,0.011027790030877812
2010-04-07,-0.011343804537521882
2010-04-08,0.009708693733450919
2010-04-09,0.004807736224114366
2010-04-12,0.0034797520661156833
2010-04-13,-0.005851755653483999
2010-04-14,0.04054940136362325
2010-04-15,0.0016761156505343156
2010-04-16,-0.0472704863570281
2010-04-19,-0.0035126235677854505
2010-04-20,0.010795373668107023
2010-04-21,-0.011551939591282935
2010-04-22,-0.0134508495457926
2010-04-23,0.004470205432713127
2010-04-26,-0.023364486501212523
2010-04-27,-0.03372064328367835
2010-04-28,0.024758288139589715
2010-04-29,0.012425241887373347
2010-04-30,-0.03227268181818181
2010-05-03,0.022310872601649857
2010-05-04,-0.02435097689756421
2010-05-05,0.0037673651102573926
2010-05-06,-0.042692938243187005
2010-05-07,-0.00122526338580594
2010-05-10,0.02919536453362938
2010-05-11,-0.009535208354345466
2010-05-12,0.0033694344974593278
2010-05-13,-0.021108131952701666
2010-05-14,-0.0225435426968013
2010-05-17,-0.0012534219416749693
2010-05-18,-0.020582329317269082
2010-05-19,0.0092260635571501
2010-05-20,-0.03936005486642826
2010-05-21,0.058683502052154245
2010-05-24,-0.03570536918115778
2010-05-25,0.008285862462088626
2010-05-26,-0.004108885570336139
2010-05-27,0.042289815427793156
2010-05-28,-0.020781693259856154
2010-06-01,-0.026275920855183297
2010-06-02,0.026206486087013744
2010-06-03,-0.011378028100582261
2010-06-04,-0.03785163876478969
2010-06-07,-0.023923392448787585
2010-06-08,0.028867047144143405
2010-06-09,-0.017469561076483793
2010-06-10,0.031519451280157734
2010-06-11,-0.005223321879777447
2010-06-14,-0.01995269099501189
2010-06-15,0.024645002697830008
2010-06-16,0.0070588235294118465
2010-06-17,-0.002076869158878579
2010-06-18,0.01925080695241432
2010-06-21,-0.007912225625319035
2010-06-22,-0.013892385230058781
2010-06-23,0.014609887054010475
2010-06-24,-0.022113654464223552
2010-06-25,0.037075993612306006
2010-06-28,-0.022819422485279385
2010-06-29,-0.03840165961594043
2010-06-30,-0.012142471339922406
2010-07-01,-0.014476891164247814
2010-07-02,-0.006929046179099435
2010-07-06,0.013954785712822455
2010-07-07,0.05009633635583065
2010-07-08,0.00026207075952436266
2010-07-09,0.018081708595387914
2010-07-12,0.008751634942169132
2010-07-13,0.03291658670366378
2010-07-14,-0.0032115118577074487
2010-07-15,0.002726171138843598
2010-07-16,-0.03608499842029152
2010-07-19,0.0010256666666667623
2010-07-20,0.01511270453092448
2010-07-21,-0.03053249986039618
2010-07-22,0.02420614389412513
2010-07-23,0.012198323364590794
2010-07-26,0.012553351114569363
2010-07-27,0.008926282721235667
2010-07-28,-0.00909311892585694
2010-07-29,-0.0027281994047620045
2010-07-30,0.0017408605257612738
2010-08-02,0.03376365525729034
2010-08-03,-0.013448535385411409
2010-08-04,0.005111952039340294
2010-08-05,-0.00048440299141675
2010-08-06,-0.020111485340441066
2010-08-09,-0.015331330745087307
2010-08-10,-0.01632350577599198
2010-08-11,-0.03574158977490876
2010-08-12,0.0010590680434206148
2010-08-13,-0.008198915413940341
2010-08-16,0.005066640000000007
2010-08-17,-0.00557174331577996
2010-08-18,0.010939140875133382
2010-08-19,-0.02164156826713022
2010-08-20,0.0018882924197463097
2010-08-23,-0.007000484841154573
2010-08-24,-0.01816708193690135
2010-08-25,0.0005523612414350137
2010-08-26,-0.016560833563345208
2010-08-27,0.027224164265389702
2010-08-30,-0.020491804398459258
2010-08-31,0.014226025898244253
2010-09-01,0.03795382183845374
2010-09-02,0.011128722250729941
2010-09-03,0.02646745283018876
2010-09-07,-0.02272144614355107
2010-09-08,0.021943574240950305
2010-09-09,0.025051099822369614
2010-09-10,-0.008478803415401751
2010-09-13,0.03420525825982195
2010-09-14,-0.009727578057577202
2010-09-15,0.006385044047518403
2010-09-16,0.00024407027818465526
2010-09-17,-0.022688483889315356
2010-09-20,0.02820763783805199
2010-09-21,-0.014566618464836497
2010-09-22,-0.016013821138211457
2010-09-23,-0.02103157288511702
2010-09-24,0.016624092921948504
2010-09-27,-0.016855295597484266
2010-09-28,-0.0033265351419378133
2010-09-29,-0.013863953430964065
2010-09-30,-0.009112184326998096
2010-10-01,0.019705727280459082
2010-10-04,0.00360731760867516
2010-10-05,0.017714967452760674
2010-10-06,0.0065591071281309735
2010-10-07,-0.00952385917173632
2010-10-08,-0.005313739878542595
2010-10-11,0.010684278537667733
2010-10-12,0.016863881198087183
2010-10-13,-0.013861434957354635
2010-10-14,-0.02811242469879518
2010-10-15,-0.04054749378751314
2010-10-18,0.02826376698445399
2010-10-19,-0.01335083734683672
2010-10-20,0.010878190790081982
2010-10-21,-0.010498609474992598
2010-10-22,0.0
2010-10-25,-0.016710901413503943
2010-10-26,0.003506905853790128
2010-10-27,0.009139784700543514
2010-10-28,-0.0007992274693867955
2010-10-29,0.0031992270434139745
2010-11-01,-0.005580733309042442
2010-11-02,-0.012292865435214705
2010-11-03,0.020562825231678367
2010-11-04,0.055143105643077686
2010-11-05,0.028643216800080838
2010-11-08,-0.010503200061143242
2010-11-09,-0.015057912370175761
2010-11-10,0.018045036689471827
2010-11-11,-0.01477102448968541
2010-11-12,-0.010244852573713121
2010-11-15,0.011865715428787702
2010-11-16,-0.011726571271129086
2010-11-17,-0.010855869455797395
2010-11-18,0.012251148545176031
2010-11-19,-0.006303580433686335
2010-11-22,-0.022836894189292075
2010-11-23,-0.02285113076349669
2010-11-24,0.014084480093423238
2010-11-26,-0.017295597484276642
2010-11-29,0.010933333333333243
2010-11-30,-0.013452862041677551
2010-12-01,0.020053474863450542
2010-12-02,0.030406263150392472
2010-12-03,0.007631645697490678
2010-12-06,0.0073214085503304225
2010-12-07,-0.016290776125775647
2010-12-08,0.025732433121019006
2010-12-09,0.013661277380093359
2010-12-10,0.01519232993892845
2010-12-13,0.001930919623461169
2010-12-14,-0.017345146583721646
2010-12-15,-0.014219220048560612
2010-12-16,-0.004973912085896852
2010-12-17,-0.00849787595590473
2010-12-20,0.007058306380554913
2010-12-21,0.026282827877776516
2010-12-22,0.028292682926829186
2010-12-23,-0.0018974857685008597
2010-12-27,0.014020816824105647
2010-12-28,-0.001406069904198159
2010-12-29,-0.0058671671939176905
2010-12-30,-0.00306895649034586
2010-12-31,0.0044991238456074546
2011-01-03,0.02734568728645392
2011-01-04,0.013308810770591433
2011-01-05,0.012228283514492838
2011-01-06,-0.0049217224849727285
2011-01-07,-0.018884914568345346
2011-01-10,-0.0054994730866056015
2011-01-11,0.004608202552617365
2011-01-12,0.02545873969994212
2011-01-13,-0.005815209255540264
2011-01-14,0.010348683681694322
2011-01-18,-0.0035626809173902605
2011-01-19,-0.02324024581005595
2011-01-20,0.023793205760540143
2011-01-21,0.01206706145251405
2011-01-24,-0.005961602871238633
2011-01-25,-0.003331874722345694
2011-01-26,0.0024515489737362574
2011-01-27,0.0026678079146287793
2011-01-28,-0.012416785473028083
2011-01-31,0.008980646408157838
2011-02-01,0.022029395238749326
2011-02-02,-0.010450664053995197
2011-02-03,0.0002199779929596911
2011-02-04,-0.019137681899200943
2011-02-07,0.020408163265306044
2011-02-08,0.00527476923076932
2011-02-09,-0.013773523665346581
2011-02-10,0.009310529609609021
2011-02-11,0.022842104608875653
2011-02-14,-0.0006441700665663851
2011-02-15,0.006016308422511562
2011-02-16,0.02392137975224263
2011-02-17,-0.0025031081039446823
2011-02-18,0.0037641154328732686
2011-02-22,-0.04145837500000008
2011-02-23,-0.0010866985910323163
2011-02-24,-0.0010878807895535352
2011-02-25,0.016771945109997893
2011-02-28,0.00021420308483291635
2011-03-01,-0.02334549203995487
2011-03-02,-0.00855261002423735
2011-03-03,0.019243596975085184
2011-03-04,-0.01215282065308932
2011-03-07,-0.007249582601054544
2011-03-08,0.02677590234069269
2011-03-09,0.0034482541617131637
2011-03-10,-0.022122035607344666
2011-03-11,0.004612409501700352
2011-03-14,-0.009619654148681591
2011-03-15,-0.015231744265601322
2011-03-16,-0.017933198432342652
2011-03-17,0.01711937874641911
2011-03-18,0.026481170859937914
2011-03-21,-0.0024049190028457806
2011-03-22,-0.0035064649680809036
2011-03-23,0.002858961890060128
2011-03-24,0.002850921177671927
2011-03-25,0.0028427946643342916
2011-03-28,0.0021805058399364677
2011-03-29,0.0013055048151764943
2011-03-30,0.009343785310734402
2011-03-31,-0.007535048276963459
2011-04-01,0.0054229937276786865
2011-04-04,-0.00021570658967441498
2011-04-05,0.005179154078549782
2011-04-06,0.022756482492207613
2011-04-07,-0.005037720508768176
2011-04-08,-0.011814387687156579
2011-04-11,0.0004270068317677327
2011-04-12,-0.004694878260886251
2011-04-13,-0.00836189983623276
2011-04-14,-0.02767565405405398
2011-04-15,-0.0017790081881476376
2011-04-18,-0.02071730943901335
2011-04-19,0.015696155953051873
2011-04-20,-0.0020156997977290323
2011-04-21,0.0026929757025813345
2011-04-25,-0.0015666741271261348
2011-04-26,0.011432369167622209
2011-04-27,0.008422008165381387
2011-04-28,0.007692263736263722
2011-04-29,-0.004798189958481554
2011-05-02,-0.009861954638133809
2011-05-03,0.016378884462151393
2011-05-04,-0.009146298307765598
2011-05-05,-0.007252791208791217
2011-05-06,-0.0028779500942195287
2011-05-09,-0.0017762432998171436
2011-05-10,0.004448420917447092
2011-05-11,-0.02059344552701505
2011-05-12,-0.0031652724395205395
2011-05-13,-0.021319981855296048
2011-05-16,-0.006257265063394449
2011-05-17,0.021688432330027225
2011-05-18,0.006162999174549222
2011-05-19,-0.0018149273223717266
2011-05-20,-0.019772704545454545
2011-05-23,-0.013447762266455787
2011-05-24,-0.004935346766988085
2011-05-25,-0.0016532829475673187
2011-05-26,0.004258362905133598
2011-05-27,0.00800942266173335
2011-05-31,0.010516498936281872
2011-06-01,-0.034227657991320354
2011-06-02,-0.0035918823559328702
2011-06-03,-0.0009613313876152929
2011-06-06,-0.02501806591291806
2011-06-07,0.00468793497873037
2011-06-08,-0.008104174653630471
2011-06-09,0.014607601252973564
2011-06-10,0.0017081259150805957
2011-06-13,0.015103508285103734
2011-06-14,-0.0014398128840801873
2011-06-15,-0.0223504200348374
2011-06-16,-0.007866248770894682
2011-06-17,0.010901833228398473
2011-06-20,-0.00784311293733127
2011-06-21,0.010622529644268769
2011-06-22,-0.00537768271816173
2011-06-23,-0.015237134805532926
2011-06-24,-0.014474619416021867
2011-06-27,0.009875892130873936
2011-06-28,-0.008525576516409724
2011-06-29,0.023014668107873757
2011-06-30,0.012113670899538418
2011-07-01,0.015632706781453513
2011-07-05,-0.013227584741338007
2011-07-06,-0.011454984437118725
2011-07-07,0.01873764746702054
2011-07-08,-0.014036737657308718
2011-07-11,-0.03215517760652059
2011-07-12,-0.0010144813593711318
2011-07-13,0.005839045591242691
2011-07-14,0.018425013084932166
2011-07-15,-0.009169715448313095
2011-07-18,-0.0037518259129563918
2011-07-19,0.014059677928210891
2011-07-20,0.014112404409814427
2011-07-21,0.03247075274586817
2011-07-22,-0.002364672443493285
2011-07-25,-0.011851149842406965
2011-07-26,-0.005996642024385753
2011-07-27,-0.01858110566074098
2011-07-28,0.00024593067351515646
2011-07-29,-0.0056538593903638
2011-08-01,-0.0002472682262727278
2011-08-02,-0.014836770891116907
2011-08-03,0.0015060742971886852
2011-08-04,-0.04962415791357607
2011-08-05,-0.008438819010486242
2011-08-08,-0.09414886139089687
2011-08-09,0.06870231741919211
2011-08-10,-0.0557693101225654
2011-08-11,0.06750072934247103
2011-08-12,-0.021259172015785654
2011-08-15,0.0270120022277918
2011-08-16,-0.023047775947728513
2011-08-17,0.014987538578616219
2011-08-18,-0.03773587640142193
2011-08-19,-0.02387044682780471
2011-08-22,-0.027365299992157286
2011-08-23,0.04100565698892548
2011-08-24,0.0301898513568101
2011-08-25,-0.0030700807663922793
2011-08-26,0.013717748776098656
2011-08-29,0.039491854169893786
2011-08-30,-0.015409086488020265
2011-08-31,0.013491634822136136
2011-09-01,-0.033546378233589504
2011-09-02,-0.04600545581282246
2011-09-06,-0.03436332560313815
2011-09-07,0.0412679737221284
2011-09-08,-0.0376221137277428
2011-09-09,-0.042673711887419266
2011-09-12,0.010598378391622273
2011-09-13,0.002159284525557478
2011-09-14,0.009541304429590235
2011-09-15,0.030792744841242222
2011-09-16,-0.011239307564646332
2011-09-19,-0.028118396649715695
2011-09-20,-0.007386949375995853
2011-09-21,-0.05922480620155039
2011-09-22,-0.03526697429136454
2011-09-23,0.0109326955927571
2011-09-26,0.06961811422777961
2011-09-27,-0.0025276461295418106
2011-09-28,-0.0348432372505544
2011-09-29,0.030193634072649682
2011-09-30,-0.04045868239753679
2011-10-03,-0.04880481245667964
2011-10-04,0.0561954624781851
2011-10-05,0.019167217448777207
2011-10-06,0.04993518158236058
2011-10-07,-0.051883877335272464
2011-10-10,0.05211719699943981
2011-10-11,0.0
2011-10-12,0.027863839871945528
2011-10-13,-0.04819279975322889
2011-10-14,0.009177183544303738
2011-10-17,-0.026654061669929792
2011-10-18,0.0589561192346611
2011-10-19,-0.018862154513603725
2011-10-20,0.027286852713178295
2011-10-21,0.008753304897274215
2011-10-24,0.03441059451888658
2011-10-25,-0.03124090251663281
2011-10-26,0.020603104174194902
2011-10-27,0.08308952603861917
2011-10-28,-0.008914127498649456
2011-10-31,-0.052602917759687166
2011-11-01,-0.058975808916905
2011-11-02,0.028431673140680923
2011-11-03,0.021997681985662487
2011-11-04,-0.011925537756674195
2011-11-07,0.007948218782801936
2011-11-08,0.022780314089934896
2011-11-09,-0.07081664762992573
2011-11-10,0.006146312042215374
2011-11-11,0.01649349318915718
2011-11-14,-0.02193509681295354
2011-11-15,0.004608356516385781
2011-11-16,-0.03761473891086433
2011-11-17,-0.031140738199578574
2011-11-18,0.0042637258117416725
2011-11-21,-0.023187491078135558
2011-11-22,-0.01671681711802073
2011-11-23,-0.03502213532811976
2011-11-25,0.0035236435350121916
2011-11-28,0.02387640449438201
2011-11-29,-0.020576165980795695
2011-11-30,0.0843837564560139
2011-12-01,-0.016467549772926957
2011-12-02,0.061392089999740336
2011-12-05,0.036498482121961995
2011-12-06,-0.00835565552704596
2011-12-07,0.023171832681312163
2011-12-08,-0.05235291176470578
2011-12-09,0.029795126325414954
2011-12-12,-0.03435801687763701
2011-12-13,-0.023408238969780414
2011-12-14,0.007030968135795246
2011-12-15,0.007933989209774674
2011-12-16,0.004093167506297166
2011-12-19,-0.03731571142413643
2011-12-20,0.049185601003726216
2011-12-21,0.003415119634123678
2011-12-22,0.034962902227722775
2011-12-23,0.003587413943575068
2011-12-27,-0.016085820673220248
2011-12-28,-0.011504602225388986
2011-12-29,0.023583336993363707
2011-12-30,-0.005086714846601716
2012-01-03,0.05203007518796983
2012-01-04,-0.000857604345340096
2012-01-05,0.02088695219207574
2012-01-06,-0.008968581838564901
2012-01-09,-0.0016968890922826705
2012-01-10,0.021246459525395455
2012-01-11,0.016920971343161395
2012-01-12,0.00518270594653581
2012-01-13,-0.025237450487785636
2012-01-17,-0.02811798597538906
2012-01-18,0.04669152105413942
2012-01-19,0.01067320715180046
2012-01-20,0.011643677227186686
2012-01-23,0.008029951605193816
2012-01-24,0.0
2012-01-25,-0.0015932554434412434
2012-01-26,-0.0029254256875225187
2012-01-27,-0.0074687379317826584
2012-01-30,-0.005374926239584159
2012-01-31,0.007835747518819205
2012-02-01,0.008042868848334278
2012-02-02,-0.0013297607090298166
2012-02-03,0.01944074619016626
2012-02-06,-0.0036572623734917177
2012-02-07,-0.007079182146805931
2012-02-08,0.011354634574983742
2012-02-09,-0.011488198733373221
2012-02-10,-0.006603275050098387
2012-02-13,0.018346130860246338
2012-02-14,-0.00992169738698949
2012-02-15,-0.013712975406802474
2012-02-16,0.016042726414827447
2012-02-17,0.012368447368421144
2012-02-21,-0.00025999479438555695
2012-02-22,-0.010140379878844927
2012-02-23,0.011032361439453736
2012-02-24,-0.005456040246503689
2012-02-27,0.020376228327487762
2012-02-28,0.003840194474137277
2012-02-29,0.0007651874716958747
2012-03-01,0.028797067849282876
2012-03-02,0.00644047576022977
2012-03-05,-0.005660816990873305
2012-03-06,-0.026732721448875185
2012-03-07,0.016022405900305188
2012-03-08,0.0122652812949867
2012-03-09,0.014589515692124432
2012-03-12,-0.01194243265762675
2012-03-13,0.0703008862777283
2012-03-14,0.004378958386240211
2012-03-15,0.0256998381964278
2012-03-16,-0.002908299711223721
2012-03-19,0.009647745120035892
2012-03-20,0.008444466666666667
2012-03-21,-0.005729440155807843
2012-03-22,-0.010416600408169321
2012-03-23,0.011422127147944942
2012-03-26,0.022364880425155075
2012-03-27,-0.006064522679858112
2012-03-28,0.008280693141876233
2012-03-29,-0.012967408688134934
2012-03-30,0.006787869795833957
2012-04-02,0.0032623096998695774
2012-04-03,-0.015391350197456107
2012-04-04,-0.02223685698973397
2012-04-05,-0.001576221571717928
2012-04-09,-0.010148872350022719
2012-04-10,-0.021189337461593467
2012-04-11,0.024441318073587473
2012-04-12,0.018859396448961608
2012-04-13,-0.03635149420160587
2012-04-16,0.002777204415117068
2012-04-17,0.01315485745881111
2012-04-18,-0.01389523854691389
2012-04-19,-0.0016170015796488496
2012-04-20,-0.011568717918354513
2012-04-23,0.0030430008650981985
2012-04-24,0.01003502963990797
2012-04-25,-0.0027726202119366956
2012-04-26,0.014828521779425466
2012-04-27,-0.010502260513750155
2012-04-30,-0.008306414397785107
2012-05-01,0.018845998138669308
2012-05-02,-0.01347339544477296
2012-05-03,-0.004398217490782104
2012-05-04,-0.029295467532920977
2012-05-07,0.0007185389221556061
2012-05-08,-0.00957391119133336
2012-05-09,-0.01788308318310587
2012-05-10,0.0024607038007064927
2012-05-11,-0.09278357423742904
2012-05-14,-0.03165579089977769
2012-05-15,0.012573372099095507
2012-05-16,-0.021523260401586284
2012-05-17,-0.043147181137822274
2012-05-18,-0.012967816091953896
2012-05-21,-0.02926258409897999
2012-05-22,0.04613965217715486
2012-05-23,0.007350779614865018
2012-05-24,-0.00846459477318103
2012-05-25,-0.013835766445812097
2012-05-29,0.0038806268656716427
2012-05-30,-0.019922746954423337
2012-05-31,0.005764654301112218
2012-06-01,-0.03680247138446631
2012-06-04,-0.029126213592233
2012-06-05,0.031935483870967694
2012-06-06,0.033760550171928784
2012-06-07,-0.007862080435439992
2012-06-08,0.02651627471757773
2012-06-11,-0.025534441805225638
2012-06-12,0.028945764777574736
2012-06-13,0.015694373704471323
2012-06-14,0.01020416939370759
2012-06-15,0.010966723753724341
2012-06-18,-0.011704253831123336
2012-06-19,0.02195268694259639
2012-06-20,0.030243074328912548
2012-06-21,-0.025788833311691937
2012-06-22,0.013517432470708902
2012-06-25,-0.018616336837102808
2012-06-26,0.011041874292185616
2012-06-27,0.02996359647055718
2012-06-28,-0.024469766842571055
2012-06-29,-0.004180629760852102
2012-07-02,0.015393198992443317
2012-07-03,-0.011025303501248624
2012-07-05,-0.04180601890172746
2012-07-06,-0.013961576091868043
2012-07-09,0.001769822904435098
2012-07-10,0.008539487883966185
2012-07-11,0.009927007299270173
2012-07-12,-0.015900520381613173
2012-07-13,0.05963569155006771
2012-07-16,-0.02716939284724139
2012-07-17,-0.002849757765745208
2012-07-18,-0.0008574735148631249
2012-07-19,-0.01430205990566533
2012-07-20,-0.016250638892937742
2012-07-23,0.015929114104477032
2012-07-24,0.008420470627771988
2012-07-25,0.01266910452058747
2012-07-26,0.018197413602355057
2012-07-27,0.030159116722727718
2012-07-30,-0.020330713481450626
2012-07-31,-0.0038737964547258565
2012-08-01,0.0
2012-08-02,-0.02305561111111112
2012-08-03,0.02615871630132034
2012-08-06,0.005818758658908181
2012-08-07,0.019559201640749254
2012-08-08,0.004053012918293069
2012-08-09,-0.006458611410118325
2012-08-10,0.001354360853432435
2012-08-13,0.0005410062066268431
2012-08-14,0.002973668398287605
2012-08-15,-0.0008085714721601624
2012-08-16,0.0008092257890477227
2012-08-17,-0.00323444761371692
2012-08-20,0.01054621416982161
2012-08-21,0.017928873907649925
2012-08-22,-0.0055204782986205325
2012-08-23,-0.015860480261143086
2012-08-24,-0.00161165726564591
2012-08-27,0.0016142588977270654
2012-08-28,-0.0026859790491538236
2012-08-29,0.00457845395694979
2012-08-30,-0.0107237804483587
2012-08-31,0.006503983387317848
2012-09-04,-0.0035002962708749683
2012-09-05,0.0027020536450720173
2012-09-06,0.04257606999256066
2012-09-07,0.015766348301017
2012-09-10,-0.013740483810190524
2012-09-11,0.021671827743644453
2012-09-12,0.008080808488929728
2012-09-13,0.037074250354421384
2012-09-14,0.004106231685689282
2012-09-17,-0.009141231657445273
2012-09-18,0.0016994173755623472
2012-09-19,0.0019389724643226465
2012-09-20,-0.002177068214804146
2012-09-21,-0.008969672727272726
2012-09-24,0.008561619164343877
2012-09-25,-0.016492869269949
2012-09-26,-0.007644809066456343
2012-09-27,0.01093434339292517
2012-09-28,-0.004916420845624455
2012-10-01,0.012104767786561428
2012-10-02,-0.0012204783690389412
2012-10-03,-0.0014662024177028463
2012-10-04,0.02349483545044446
2012-10-05,-0.0026303443328551893
2012-10-08,-0.0011987293502452418
2012-10-09,-0.006721051368218833
2012-10-10,0.009424818525258206
2012-10-11,0.007900359109408575
2012-10-12,-0.01140140196681243
2012-10-15,0.0182605001984743
2012-10-16,0.010618239485176047
2012-10-17,0.011440531802917028
2012-10-18,-0.0071560941828255845
2012-10-19,-0.01604273499384947
2012-10-22,-0.005434782608695578
2012-10-23,-0.01805649798051801
2012-10-24,0.009194216830669302
2012-10-25,-0.0009590266353158298
2012-10-26,-0.012238973469593233
2012-10-31,0.012633624878522915
2012-11-01,0.02783109404990412
2012-11-02,-0.00980396825396834
2012-11-05,-0.0035360209116463543
2012-11-06,0.014431062219067823
2012-11-07,-0.05597017126935242
2012-11-08,-0.00197623517786552
2012-11-09,0.005445470027451963
2012-11-12,-0.0009846627519611612
2012-11-13,-0.013307071793638567
2012-11-14,-0.018731268263454837
2012-11-15,0.0025451259214778906
2012-11-16,0.003554201664234634
2012-11-19,0.026815103132180877
2012-11-20,0.002710051736880929
2012-11-21,0.0007370761489661034
2012-11-23,0.008838693837466402
2012-11-26,-0.005110708201508964
2012-11-27,-0.0031800635229925762
2012-11-28,0.0019632392638036897
2012-11-29,0.009551775187275355
2012-11-30,-0.0033963851674822395
2012-12-03,-0.006572565405425263
2012-12-04,-0.00588093590098171
2012-12-05,0.015528740448607347
2012-12-06,0.006553397899189448
2012-12-07,0.026284060133010274
2012-12-10,-0.005874060012357613
2012-12-11,0.007799527114168497
2012-12-12,0.0030488040114636764
2012-12-13,0.000233785363572444
2012-12-14,0.0007013090393013612
2012-12-17,0.015650525212554823
2012-12-18,0.00896961821527146
2012-12-19,-0.0077501711363158095
2012-12-20,0.02297266305933065
2012-12-21,-0.011902066290187804
2012-12-24,-0.0018182272727272806
2012-12-26,0.000910769622530416
2012-12-27,-0.007506779060663679
2012-12-28,-0.00893878045063524
2012-12-31,0.0168824922811058
2013-01-02,0.01569249452598359
2013-01-03,-0.0020152261531571052
2013-01-04,0.017724949517612828
2013-01-07,0.0011022706988033924
2013-01-08,0.0019819423034574636
2013-01-09,-0.0006593186813186056
2013-01-10,0.014954936992413903
2013-01-11,-0.0002167497197509254
2013-01-14,-0.005634980616276043
2013-01-15,0.010244049471576937
2013-01-16,0.010140280912202001
2013-01-17,-0.008116211020931227
2013-01-18,0.00043066323063435083
2013-01-22,0.001721954406413299
2013-01-23,-0.0066609581723044405
2013-01-24,0.003028314947004177
2013-01-25,0.017036899224431655
2013-01-28,-0.011026314673452092
2013-01-29,0.01029159541791594
2013-01-30,0.0002122665579852849
2013-01-31,-0.0016974750329413393
2013-02-01,0.017003167205168264
2013-02-04,-0.0035527274212216195
2013-02-05,0.023280222315436326
2013-02-06,-0.0036892805146693827
2013-02-07,-0.007817341949859394
2013-02-08,0.00829361393323664
2013-02-11,0.0006168825700825413
2013-02-12,0.009864344430743925
2013-02-13,-0.009360989201485257
2013-02-14,0.011092871815940914
2013-02-15,-0.006907760932390135
2013-02-19,0.011661210890728097
2013-02-20,-0.0169868550659887
2013-02-21,-0.007405903982598231
2013-02-22,0.013678756476683868
2013-02-25,-0.024739296667348115
2013-02-26,-0.0020964989078302316
2013-02-27,0.03529414013840919
2013-02-28,-0.0073052152456414806
2013-03-01,-0.00020437449731709024
2013-03-04,0.003884645266816659
2013-03-05,0.007943055313362837
2013-03-06,0.010911234151899861
2013-03-07,0.011992844533137079
2013-03-08,-0.008492988179083776
2013-03-11,0.005577669211600147
2013-03-12,-0.003961984944532495
2013-03-13,-0.002386615003711515
2013-03-14,0.01674641148325366
2013-03-15,-0.019215686274509744
2013-03-18,-0.010195961615354002
2013-03-19,-0.006261301000254447
2013-03-20,-0.0016260568775191763
2013-03-21,-0.01567591644291362
2013-03-22,0.008893506055574133
2013-03-25,-0.005330032909594636
2013-03-26,0.0024731863149215346
2013-03-27,-0.01788649296641624
2013-03-28,-0.006489449445258673
2013-04-01,0.007796102144882138
2013-04-02,0.009408258021816437
2013-04-03,-0.029618911135437208
2013-04-04,0.013660704958834891
2013-04-05,0.008843924664395519
2013-04-08,0.013984596117720806
2013-04-09,0.002058419017767833
2013-04-10,0.011709120788824986
2013-04-11,0.0012182944162436498
2013-04-12,-0.006084019345284616
2013-04-15,-0.022036279209805238
2013-04-16,0.011683747131233138
2013-04-17,-0.03505879418194291
2013-04-18,-0.003205855883610854
2013-04-19,0.012650107475345378
2013-04-22,0.002540715646834692
2013-04-23,0.017317846560415913
2013-04-24,0.011417957708862761
2013-04-25,0.005747105793368037
2013-04-26,-0.002448959183673469
2013-04-29,0.0008182692140288544
2013-04-30,0.0018397384235378812
2013-05-01,-0.020404000016486432
2013-05-02,0.0014581129538894044
2013-05-03,-0.010607362287547327
2013-05-06,0.012823207904141253
2013-05-07,0.019925259443752518
2013-05-08,0.012616992523748321
2013-05-09,-0.014469393668383835
2013-05-10,-0.0016313621200784122
2013-05-13,0.014501613858284667
2013-05-14,0.011274451833076321
2013-05-15,0.017121242285486893
2013-05-16,-0.002348776668623996
2013-05-17,0.026093740904576324
2013-05-20,-0.00019116635164746282
2013-05-21,0.013960584930950743
2013-05-22,0.011505111278762673
2013-05-23,-0.00522101426028317
2013-05-24,0.005810721867318481
2013-05-28,0.017517666790905755
2013-05-29,0.0012820513290128744
2013-05-30,0.017377008135248156
2013-05-31,-0.018518500872321063
2013-06-03,-0.0018318006960981747
2013-06-04,-0.008258414084844413
2013-06-05,-0.01868989602720413
2013-06-06,0.008862926812425613
2013-06-07,0.01439252336448604
2013-06-10,0.0016583932190897528
2013-06-11,-0.01600439632074326
2013-06-12,-0.0057955129633385375
2013-06-13,0.018615983452425724
2013-06-14,-0.019198763861870544
2013-06-17,0.013551609005239796
2013-06-18,0.004828282444875943
2013-06-19,-0.010349325256896674
2013-06-20,-0.019981307562676198
2013-06-21,-0.009908555640243915
2013-06-24,-0.02001541608959609
2013-06-25,0.022780912128079832
2013-06-26,0.00806447741687874
2013-06-27,0.012380990476190488
2013-06-28,-0.0067733017206659165
2013-07-01,-0.00568287543696011
2013-07-02,0.0059058294568172355
2013-07-03,-0.0005681628895484744
2013-07-05,0.02311923441349253
2013-07-08,0.0131505644322813
2013-07-09,0.0034734551467374866
2013-07-10,-0.0010930406466211748
2013-07-11,0.005653784218355411
2013-07-12,-0.0030830250831160254
2013-07-15,-0.0014553756329749284
2013-07-16,0.0021861723845176236
2013-07-17,0.004726449908251354
2013-07-18,0.019902279717749174
2013-07-19,-0.0037253681696890464
2013-07-22,0.007122524928774986
2013-07-23,0.0019447842654741095
2013-07-24,-0.0007057879197384058
2013-07-25,-0.002295620655207123
2013-07-26,-0.007964619469026555
2013-07-29,-0.006422836867490389
2013-07-30,-0.006464302504297044
2013-07-31,0.007229314757660708
2013-08-01,0.014534380046653632
2013-08-02,-0.0008843119758699629
2013-08-05,-0.006903947356914674
2013-08-06,-0.010873369371599538
2013-08-07,-0.003424094308016142
2013-08-08,-0.008499041745009784
2013-08-09,-0.005653875409305971
2013-08-12,-0.007887013939838585
2013-08-13,0.00369755962285081
2013-08-14,-0.0025787253162880414
2013-08-15,-0.015881827668261156
2013-08-16,0.0
2013-08-19,-0.027397240994609915
2013-08-20,0.005595157028934701
2013-08-21,-0.009401343234868442
2013-08-22,0.011233739856018912
2013-08-23,0.002106895271153022
2013-08-26,-0.009938857033639155
2013-08-27,-0.023166042918263383
2013-08-28,-0.00039517788123230786
2013-08-29,0.0023724593763361254
2013-08-30,-0.003353096580806848
2013-09-03,0.011874173993156096
2013-09-04,0.014472872785588248
2013-09-05,0.004626990642510019
2013-09-06,0.008635578418046772
2013-09-09,0.0057077624484825305
2013-09-10,0.015323438983665467
2013-09-11,-0.007639277348212379
2013-09-12,-0.019151258698883015
2013-09-13,0.006699808319302885
2013-09-16,0.010458243011979323
2013-09-17,-0.0009408920011457392
2013-09-18,0.006027500470898345
2013-09-19,-0.012357236472570617
2013-09-20,0.0009478483412322215
2013-09-23,-0.025378788359446815
2013-09-24,-0.022153109641529455
2013-09-25,0.02742450317965024
2013-09-26,0.0036750096000964425
2013-09-27,0.0067450955240914165
2013-09-30,-0.010528387805191964
2013-10-01,0.005223447576386992
2013-10-02,0.0025019438510768092
2013-10-03,-0.002879650604722656
2013-10-04,0.014054659492773564
2013-10-07,-0.01594828235991198
2013-10-08,-0.018522148619635408
2013-10-09,-0.0023589345853928553
2013-10-10,0.03487684729064046
2013-10-11,-0.00019044173648147697
2013-10-14,0.003808817513190542
2013-10-15,-0.007588655048162618
2013-10-16,0.03230737846860298
2013-10-17,0.0038888703703703013
2013-10-18,0.0016602103239294179
2013-10-21,-0.0005524677818133396
2013-10-22,-0.011977169707020511
2013-10-23,-0.016225270724081885
2013-10-24,-0.005118483412322334
2013-10-25,0.005525914634146461
2013-10-28,-0.001705514496873288
2013-10-29,0.0009491268033408725
2013-10-30,-0.002465427650293903
2013-10-31,-0.020152034986769308
2013-11-01,0.018820275149004986
2013-11-04,-0.00895061927063856
2013-11-05,-0.001729438859926298
2013-11-06,0.002887333919396826
2013-11-07,-0.00863715964058192
2013-11-08,0.04472404473479005
2013-11-11,0.0025944959709877516
2013-11-12,-0.002402902122103515
2013-11-13,0.0031498609755444052
2013-11-14,0.004802419741455936
2013-11-15,0.008639650417659898
2013-11-18,0.015855713793616145
2013-11-19,0.007355579212214534
2013-11-20,-0.000890543156169456
2013-11-21,0.019964403563793427
2013-11-22,0.004194302618065191
2013-11-25,0.0033067003708093412
2013-11-26,-0.008326174906290567
2013-11-27,0.005422459521513316
2013-11-29,-0.004523295059150895
2013-12-02,-0.004194355047285067
2013-12-03,-0.002105984555984431
2013-12-04,0.005803693179674693
2013-12-05,-0.023955219862829513
2013-12-06,0.004299552131852373
2013-12-09,0.008027060149356691
2013-12-10,0.0033622899791998645
2013-12-11,-0.011111128551831948
2013-12-12,0.004280381665774915
2013-12-13,-0.002486290135210619
2013-12-16,0.004450774593226797
2013-12-17,-0.012406895157989836
2013-12-18,0.027279270867206204
2013-12-19,-0.00017473793938733913
2013-12-20,0.008212493447492634
2013-12-23,0.00935876933520337
2013-12-24,0.00017166895014866164
2013-12-26,-0.0008583519313304667
2013-12-27,-0.0010309621815986624
2013-12-30,-0.003267939512692384
2013-12-31,0.009145797943989621
2014-01-02,-0.004616980164158698
2014-01-03,0.0077306477878482755
2014-01-06,0.005796113194681272
2014-01-07,-0.011525423728813555
2014-01-08,0.009430709876543205
2014-01-09,-0.0018685408844665346
2014-01-10,-0.004594894642440116
2014-01-13,-0.0135065989568611
2014-01-14,0.0006932582202208927
2014-01-15,0.03030827743996268
2014-01-16,-0.00840477362902089
2014-01-17,-0.014917799121281602
2014-01-21,0.001032472878463651
2014-01-22,-0.009970741274565563
2014-01-23,-0.01944780343809689
2014-01-24,-0.024437771835704412
2014-01-27,0.0
2014-01-28,0.01179891087311673
2014-01-29,-0.003767545612933553
2014-01-30,0.008463911551664236
2014-01-31,-0.0114285535714285
2014-02-03,-0.018966762663172716
2014-02-04,0.011784201587475585
2014-02-05,0.004731537675495146
2014-02-06,0.023003097681635543
2014-02-07,0.002478735835694106
2014-02-10,0.002119445463077526
2014-02-11,0.012160697491691939
2014-02-12,0.001567125195890709
2014-02-13,0.008866463838664698
2014-02-14,0.0020679476489393715
2014-02-18,0.005846947348342368
2014-02-19,-0.021029303435483006
2014-02-20,0.005588613537848961
2014-02-21,0.0005209968558181652
2014-02-24,0.0072903661293113415
2014-02-25,-0.017232466262837608
2014-02-26,-0.004909679202343955
2014-02-27,-0.0010572863436123304
2014-02-28,0.0022931910794353697
2014-03-03,-0.0107356740584302
2014-03-04,0.01867993272869476
2014-03-05,0.015717814031359217
2014-03-06,0.012723555708390717
2014-03-07,0.008488964058099692
2014-03-10,-0.0033670200886525277
2014-03-11,-0.017060844306404657
2014-03-12,-0.0046399897686886125
2014-03-13,-0.008632596983169786
2014-03-14,-0.01079761444784446
2014-03-17,0.013732447424867044
2014-03-18,0.008336210200201094
2014-03-19,0.0041336203215015434
2014-03-20,0.03104634701623244
2014-03-21,0.0009981200965209706
2014-03-24,0.014957653812785578
2014-03-25,-0.002292451285410194
2014-03-26,-0.016904611849663534
2014-03-27,0.0003338230272513015
2014-03-28,0.0020027203605715088
2014-03-31,0.011159193684890054
2014-04-01,-0.0006588865204889333
2014-04-02,-0.0031316631986703343
2014-04-03,0.0029761904761904717
2014-04-04,-0.014012512363995993
2014-04-07,-0.01354290229822935
2014-04-08,-0.0025424067796610277
2014-04-09,0.007136822672449432
2014-04-10,-0.03155049772228788
2014-04-11,-0.03658541684371371
2014-04-14,-0.006148282208829758
2014-04-15,-0.0029112082043523434
2014-04-16,0.008394142488944137
2014-04-17,-0.0007237966240967383
2014-04-21,-0.0034408184816948277
2014-04-22,0.014174123463095161
2014-04-23,0.004300268691985867
2014-04-24,0.002497769892912943
2014-04-25,-0.00872037744652745
2014-04-28,-0.003770179465526334
2014-04-29,0.010992899225341446
2014-04-30,-0.0021390018587879897
2014-05-01,-0.0046444980350123875
2014-05-02,-0.0025125448221008304
2014-05-05,-0.02446925064882144
2014-05-06,-0.01623019151180023
2014-05-07,0.0133108173978252
2014-05-08,0.0057354672661511855
2014-05-09,-0.006438612832255246
2014-05-12,0.011849731969995716
2014-05-13,-0.000549002724647671
2014-05-14,-0.004760124583671192
2014-05-15,-0.015636552324566882
2014-05-16,-0.0037375632120187374
2014-05-19,0.009754286067261574
2014-05-20,-0.0020434886849901458
2014-05-21,0.007445979012546863
2014-05-22,0.007945306872603596
2014-05-23,-0.0003666361203783547
2014-05-27,0.011186503047616037
2014-05-28,0.00562208932938146
2014-05-29,0.00486925149018488
2014-05-30,-0.0026920494850673667
2014-06-02,-0.003959006658268867
2014-06-03,0.004516711996990497
2014-06-04,0.0014388849438447884
2014-06-05,0.017061799568965523
2014-06-06,0.006003884760658991
2014-06-09,0.007898841356874756
2014-06-10,0.0083595265886286
2014-06-11,-0.010880863182008137
2014-06-12,-0.004016046795879158
2014-06-13,0.0
2014-06-16,-0.002980399667244111
2014-06-17,0.009671162470039778
2014-06-18,0.006269610110400855
2014-06-19,-0.008307372937129973
2014-06-20,0.004363001821343837
2014-06-23,0.011120764745799571
2014-06-24,-0.013232531590179277
2014-06-25,0.0019157262945219348
2014-06-26,-0.0024335129920652456
2014-06-27,0.00243944942393187
2014-06-30,0.0015644012091848535
2014-07-01,-0.0008677369119704372
2014-07-02,-0.01042207747090493
2014-07-03,0.0014042127189008867
2014-07-07,-0.006660841483976188
2014-07-08,-0.01605787951501258
2014-07-09,0.004662876781308479
2014-07-10,-0.008211335237415268
2014-07-11,0.0043196183527786465
2014-07-14,0.008781398006835162
2014-07-15,0.03517496828610821
2014-07-16,0.007551038270121728
2014-07-17,-0.014477908609741116
2014-07-18,0.006394728544854205
2014-07-21,0.00017176713034530608
2014-07-22,0.007383172823379978
2014-07-23,0.005624714696598428
2014-07-24,0.002881322033898299
2014-07-25,-0.0027040731013714702
2014-07-28,0.0030503475021301358
2014-07-29,-0.009292110310730099
2014-07-30,0.004604382752462199
2014-07-31,-0.021049091835002497
2014-08-01,-0.020634611431753522
2014-08-04,0.0030099504249292454
2014-08-05,-0.010414845175115808
2014-08-06,0.0030324473237165503
2014-08-07,-0.005690912324382008
2014-08-08,0.007690931854766711
2014-08-11,-0.00035498757543491523
2014-08-12,0.0005326349431818019
2014-08-13,0.006566158174486609
2014-08-14,0.0045839033042329004
2014-08-15,-0.004036504036503982
2014-08-18,0.008458149779735628
2014-08-19,0.00576622400838726
2014-08-20,0.0013898192948258677
2014-08-21,0.014920211917422207
2014-08-22,-0.00017090598290591376
2014-08-25,0.014532364009835378
2014-08-26,0.006740849342770486
2014-08-27,-0.0025109138764340955
2014-08-28,-0.007215975834871737
2014-08-29,0.004901977687626838
2014-09-02,0.0037005382052054015
2014-09-03,0.0005028155020216469
2014-09-04,0.00016747068396189734
2014-09-05,0.003349539496726509
2014-09-08,-0.0003338507761642564
2014-09-09,-0.013858707862058844
2014-09-10,0.0027091093344208325
2014-09-11,0.009118490220896695
2014-09-12,0.004518089173965512
2014-09-15,-0.0014992503997875513
2014-09-16,0.0008342175648018245
2014-09-17,0.0053342055231135966
2014-09-18,0.01674679129917442
2014-09-19,-0.0034246412263534945
2014-09-22,-0.003272803088319495
2014-09-23,0.0004925135445740217
2014-09-24,0.011322645410611178
2014-09-25,-0.0240142621448278
2014-09-26,0.006816275750082254
2014-09-29,-0.0037978698183971198
2014-09-30,-0.0014917950773480216
2014-10-01,-0.007802157775492784
2014-10-02,-0.0155596453070102
2014-10-03,0.024813035350101906
2014-10-06,-0.0019900332004980626
2014-10-07,-0.015121302758391436
2014-10-08,0.01906532815927109
2014-10-09,-0.021854303912109147
2014-10-10,-0.009478706517308467
2014-10-13,-0.006151742993848368
2014-10-14,-0.002922936726272224
2014-10-15,-0.04242115735743564
2014-10-16,-0.008103673835830544
2014-10-17,0.02033404065598981
2014-10-20,0.007651245415458262
2014-10-21,0.02295601230874073
2014-10-22,-0.008285844985327109
2014-10-23,0.01061792844877408
2014-10-24,0.011712039067998023
2014-10-27,-0.0017024684473113919
2014-10-28,0.016882708337017608
2014-10-29,-0.005701827843336718
2014-10-30,0.0016865913023005727
2014-10-31,0.018353275271144574
2014-11-03,0.006613773148148201
2014-11-04,-0.010348242274174734
2014-11-05,0.014937792531120342
2014-11-06,0.0013082256317832376
2014-11-07,0.003919663563612716
2014-11-10,0.00748330880944668
2014-11-11,-0.009042483449055382
2014-11-12,-0.013198598878908247
2014-11-13,-0.00544915776999414
2014-11-14,0.0008301344844761694
2014-11-17,0.0016589582226105128
2014-11-18,0.002484233148654577
2014-11-19,0.0011564348448114597
2014-11-20,-0.007920775838969489
2014-11-21,0.005489055314189216
2014-11-24,0.008436691340997594
2014-11-25,-0.010826771831147776
2014-11-26,0.0006633665118303523
2014-11-28,-0.0029830957905204974
2014-12-01,-0.00265957446808505
2014-12-02,0.01800003333333334
2014-12-03,0.007531090126683417
2014-12-04,-0.0025999349593771323
2014-12-05,0.021505375993721477
2014-12-08,-0.000478516738779648
2014-12-09,-0.0035104038139589433
2014-12-10,-0.028342689698275594
2014-12-11,0.007580735003295917
2014-12-12,-0.017991462512127163
2014-12-15,-0.014656911814508582
2014-12-16,-0.01233941852603105
2014-12-17,0.022933424610645275
2014-12-18,0.028609670403212207
2014-12-19,0.007319453480806813
2014-12-22,0.00016145648312611876
2014-12-23,0.008718130589572605
2014-12-24,0.0
2014-12-26,0.001120342509603118
2014-12-29,0.006554756299836178
2014-12-30,0.003017836769660755
2014-12-31,-0.00902612798017014
2015-01-02,-0.0014381591103176427
2015-01-05,-0.031045014208833027
2015-01-06,-0.025928968223434698
2015-01-07,0.0015259409969481759
2015-01-08,0.022346351786016516
2015-01-09,-0.01738696832897766
2015-01-12,-0.008594506235254517
2015-01-13,0.00016994730001884174
2015-01-14,-0.03450032290958538
2015-01-15,-0.03203659510585109
2015-01-16,0.017093980102055564
2015-01-20,-0.003933506168424878
2015-01-21,0.0032310178285948226
2015-01-22,0.030416908756788624
2015-01-23,-0.015801354401805932
2015-01-26,0.001587861679604859
2015-01-27,-0.010040496741236617
2015-01-28,-0.025800729078278847
2015-01-29,0.016803616438356157
2015-01-30,-0.02317221207732035
2015-02-02,0.020044133504153547
2015-02-03,0.022534703037052406
2015-02-04,-0.005994358145374564
2015-02-05,0.006917328717323064
2015-02-06,0.019728712348071036
2015-02-09,-0.001209172589552052
2015-02-10,0.011068817018332688
2015-02-11,-0.0015395142240764716
2015-02-12,0.020558523566190232
2015-02-13,0.0016786637569246158
2015-02-17,0.007206301565486892
2015-02-18,-0.012146406394223165
2015-02-19,-0.0023580765093158093
2015-02-20,0.009623484720580834
2015-02-23,-0.007525100460285966
2015-02-24,0.024768358037686893
2015-02-25,0.005261410720157772
2015-02-26,0.007196647157289034
2015-02-27,-0.004871760153564201
2015-03-02,0.007996099999936465
2015-03-03,0.003237833899951438
2015-03-04,0.002581894423400067
2015-03-05,-0.0020924029922355872
2015-03-06,-0.017903241935483937
2015-03-09,0.010018081951356315
2015-03-10,-0.02504066666666673
2015-03-11,0.0046698299644736116
2015-03-12,0.018758249709221388
2015-03-13,-0.006028988203177255
2015-03-16,0.01393439344262294
2015-03-17,-0.003880307320300889
2015-03-18,0.002272342115365263
2015-03-19,-0.008906866396761129
2015-03-20,0.008986911617860915
2015-03-23,-0.009878558704453507
2015-03-24,-0.011122015229342738
2015-03-25,-0.014058849058201147
2015-03-26,-0.0011742995944589948
2015-03-27,0.00016792072274227798
2015-03-30,0.023677582261588226
2015-03-31,-0.006233546690182786
2015-04-01,-0.01039948793662965
2015-04-02,0.009507906430226795
2015-04-06,-0.0008261566424322485
2015-04-07,0.0062840581067626555
2015-04-08,0.0032867872896232522
2015-04-09,0.006879639752328313
2015-04-10,0.003741662538772317
2015-04-13,0.005996742204266738
2015-04-14,0.015627533429998446
2015-04-15,0.018559612649752217
2015-04-16,-0.006229528207904139
2015-04-17,-0.015201394527481614
2015-04-20,0.006365404201145777
2015-04-21,-0.014705897700635814
2015-04-22,0.010110704379542547
2015-04-23,-0.002224340677221818
2015-04-24,-0.003184729350075313
2015-04-27,-0.004153322816400026
2015-04-28,0.00673721527109388
2015-04-29,0.013384321650233377
2015-04-30,-0.005345912117796032
2015-05-01,0.005532769697526833
2015-05-04,0.01745008619006298
2015-05-05,-0.004944360244988187
2015-05-06,-0.007453478029395107
2015-05-07,0.009073873875903443
2015-05-08,0.015348806201550387
2015-05-11,-0.0006107955599571667
2015-05-12,-0.0013750344404140967
2015-05-13,0.0024479191791935053
2015-05-14,0.00808922503461043
2015-05-15,-0.0025738984447888783
2015-05-18,0.008196736863846388
2015-05-19,0.008882927096745886
2015-05-20,-0.007909252114333673
2015-05-21,0.002557144890622286
2015-05-22,-0.002700690091502237
2015-05-26,-0.011132811627308385
2015-05-27,0.011258146451020244
2015-05-28,-0.0040620429658185225
2015-05-29,-0.006344380952162166
2015-06-01,0.004560702410469842
2015-06-02,-0.000908065953145762
2015-06-03,0.010299909586484721
2015-06-04,-0.005547151673784764
2015-06-05,0.01643292578221217
2015-06-08,-0.0078611541934485
2015-06-09,0.004335491169614215
2015-06-10,0.016076242929443183
2015-06-11,0.0038088923583682803
2015-06-12,-0.003940411731191459
2015-06-15,-0.0038095531135531146
2015-06-16,0.005589130918933062
2015-06-17,-0.0033641069168885936
2015-06-18,0.009392427493284826
2015-06-19,-0.010177333675157456
2015-06-22,0.01292592500217595
2015-06-23,0.011455931140602305
2015-06-24,-0.010465992831541168
2015-06-25,-0.005360692785889326
2015-06-26,0.00436991975615668
2015-06-29,-0.02538071176420791
2015-06-30,0.008333408110122445
2015-07-01,0.004574940833089012
2015-07-02,-0.008079961804025116
2015-07-06,-0.0028139071155467636
2015-07-07,-0.00787166172964028
2015-07-08,-0.020509026025043696
2015-07-09,0.01039280146721672
2015-07-10,0.014218756402681146
2015-07-13,0.015510707732555888
2015-07-14,0.013952196443072261
2015-07-15,0.002172667987070324
2015-07-16,0.005347535616489593
2015-07-17,-0.0050316131406443814
2015-07-20,0.0007224823106846714
2015-07-21,-0.002310193407155846
2015-07-22,0.014182402725974147
2015-07-23,-0.006278581441821368
2015-07-24,-0.010482409685273005
2015-07-27,-0.013060541978781494
2015-07-28,0.0005881634880705301
2015-07-29,0.013078603391097617
2015-07-30,0.00145052215113073
2015-07-31,-0.007387050877939588
2015-08-03,0.0
2015-08-04,-0.0010214504745579725
2015-08-05,0.003943967337773408
2015-08-06,-0.006983893191449394
2015-08-07,-0.0029303589743589187
2015-08-10,0.012343805480802099
2015-08-11,-0.009580432712736817
2015-08-12,-0.014509819089411392
2015-08-13,0.004610425479191773
2015-08-14,0.005033249221321268
2015-08-17,0.0026513625372124408
2015-08-18,0.0020566916409578834
2015-08-19,-0.008942985030684386
2015-08-20,-0.024556154572667185
2015-08-21,-0.03548686577231234
2015-08-24,-0.0526729261846832
2015-08-25,-0.005643153526971011
2015-08-26,0.05007511266900351
2015-08-27,0.024956334446034015
2015-08-28,-0.005428132501792741
2015-08-31,-0.000467784210250371
2015-09-01,-0.04134160815418433
2015-09-02,0.01822618359273908
2015-09-03,0.0017580310052740839
2015-09-04,-0.01882578174856413
2015-09-08,0.026991869918699132
2015-09-09,-0.015516149461684562
2015-09-10,0.007719523962688917
2015-09-11,-0.0015958984998403582
2015-09-14,-0.0028772378056707466
2015-09-15,0.019236950637432665
2015-09-16,0.008807753733634717
2015-09-17,-0.02323038701637651
2015-09-18,-0.027294540230022663
2015-09-21,0.00836892038675616
2015-09-22,-0.008787648351706352
2015-09-23,-0.004432786077819744
2015-09-24,-0.006926088504717696
2015-09-25,0.02075722316909294
2015-09-28,-0.02423948228014518
2015-09-29,-0.0023341113704567103
2015-09-30,0.01888370655080214
2015-10-01,0.007380629696889724
2015-10-02,-0.009931569844727118
2015-10-05,0.01989802631313891
2015-10-06,0.0004836988068364488
2015-10-07,0.001289315089271804
2015-10-08,0.0
2015-10-09,-0.003219072859825003
2015-10-12,-0.003390909090909031
2015-10-13,-0.0027544069547245104
2015-10-14,-0.02534519943696499
2015-10-15,0.03167189425998005
2015-10-16,0.008725173836244588
2015-10-19,-0.0033637514015696984
2015-10-20,0.004821584621961026
2015-10-21,-0.00735762955854132
2015-10-22,0.018208153106539598
2015-10-23,0.01076119656213319
2015-10-26,0.0004697510641890047
2015-10-27,-0.00406890441098898
2015-10-28,0.029226917492566337
2015-10-29,-0.004427496183206164
2015-10-30,-0.014721653346444558
2015-11-02,0.020077836575875543
2015-11-03,0.003661855299636018
2015-11-04,0.0010641380520543288
2015-11-05,0.008959818039781983
2015-11-06,0.030403325394240493
2015-11-09,-0.015629564937621358
2015-11-10,0.00430332399915904
2015-11-11,-0.0048759160756502275
2015-11-12,-0.02004451432945847
2015-11-13,-0.006666696969697074
2015-11-16,0.014490604468902013
2015-11-17,-0.005713501557254457
2015-11-18,0.019960684407712783
2015-11-19,0.003113521265241932
2015-11-20,-0.0017736179855974731
2015-11-23,-0.009772046050162195
2015-11-24,-0.0014951854737672815
2015-11-25,0.0011979934291402616
2015-11-27,0.004636509054195133
2015-11-30,-0.007294893770876483
2015-12-01,0.013947225554888872
2015-12-02,-0.014051131281598357
2015-12-03,-0.012901304356357328
2015-12-04,0.031762855694702614
2015-12-07,-0.013109427207385923
2015-12-08,-0.015522402985074683
2015-12-09,-0.007580351843243661
2015-12-10,0.0022915062983731582
2015-12-11,-0.023472046586312408
2015-12-14,0.003121538941782588
2015-12-15,0.028473643775026092
2015-12-16,0.021633903831585657
2015-12-17,-0.018510291996302265
2015-12-18,-0.02836446934768365
2015-12-21,0.017701847276340194
2015-12-22,0.002136084801097319
2015-12-23,0.01598664738124223
2015-12-24,-0.0019482240994354075
2015-12-28,-0.003303318417517015
2015-12-29,0.010394742862070183
2015-12-30,-0.007156761592366094
2015-12-31,-0.008409626575138938
2016-01-04,-0.03649856181279063
2016-01-05,0.0017290317781991306
2016-01-06,-0.01443588576808406
2016-01-07,-0.040439435751640836
2016-01-08,-0.022399236767877938
2016-01-11,-0.0015274270715351908
2016-01-12,0.0022097058572256366
2016-01-13,-0.02747623859355888
2016-01-14,0.014998273456574762
2016-01-15,-0.01993127113520147
2016-01-19,-0.0005259992895162777
2016-01-20,-0.0263111744013743
2016-01-21,-0.0046838048886255765
2016-01-22,0.030769248868778288
2016-01-25,-0.022651465800676698
2016-01-26,0.025512073302191948
2016-01-27,-0.0007007883426492631
2016-01-28,0.004207538495660139
2016-01-29,0.03875700137494771
2016-02-01,-0.010756285714285647
2016-02-02,-0.031090757201992017
2016-02-03,0.006663177391954716
2016-02-04,0.01724441734889399
2016-02-05,-0.011130170851706488
2016-02-08,-0.02095236363636357
2016-02-09,-0.006013441704749941
2016-02-10,-0.012099661706411663
2016-02-11,-0.044128242074928
2016-02-12,0.08328626342566428
2016-02-16,0.014959053228072514
2016-02-17,0.007197977967368633
2016-02-18,-0.016334847711417445
2016-02-19,0.00017296315217155134
2016-02-22,0.012971290210999653
2016-02-23,-0.041830305617210184
2016-02-24,0.00035637919380568806
2016-02-25,0.015496954319503996
2016-02-26,0.009296667577501192
2016-02-29,-0.021550260313690367
2016-03-01,0.05150980553303386
2016-03-02,0.009459408623996402
2016-03-03,0.003346737059797096
2016-03-04,0.0015010006921448316
2016-03-07,-0.0018318068581483146
2016-03-08,-0.01935268634222039
2016-03-09,0.005784280465877575
2016-03-10,-0.008626488643885058
2016-03-11,0.012455195146643989
2016-03-14,-0.0037074654533199095
2016-03-15,0.001353213825325003
2016-03-16,-0.004729780325510479
2016-03-17,-0.0028852343138232907
2016-03-18,0.029446808510638245
2016-03-21,-0.00033070436507937507
2016-03-22,-0.003638719874937349
2016-03-23,-0.004980129316728837
2016-03-24,-0.007674324452357822
2016-03-28,-0.0013449562878277781
2016-03-29,-0.0062290065242759434
2016-03-30,0.011519566517356705
2016-03-31,-0.008206297240098645
2016-04-01,0.010975987656602649
2016-04-04,-0.01119088042744079
2016-04-05,-0.014189188949506881
2016-04-06,0.007710760662940971
2016-04-07,-0.02533584381336772
2016-04-08,0.007327320307048217
2016-04-11,0.007966729893774446
2016-04-12,0.018556666347823537
2016-04-13,0.04234146495177922
2016-04-14,0.012947062421960467
2016-04-15,-0.011503451030516112
2016-04-18,0.0064651851699561716
2016-04-19,0.016862052352657735
2016-04-20,0.014529343019583064
2016-04-21,-0.009962640409795788
2016-04-22,0.005817657415649669
2016-04-25,-0.005784008038392935
2016-04-26,0.005188710854990913
2016-04-27,0.0028155951822305208
2016-04-28,-0.007955123881529772
2016-04-29,-0.006289261204064803
2016-05-02,0.009335442890262034
2016-05-03,-0.019282018822981424
2016-05-04,-0.0158248239158436
2016-05-05,-0.005359720643170314
2016-05-06,0.00587844526850269
2016-05-09,-0.006331152802959557
2016-05-10,0.013559908733212158
2016-05-11,-0.003707285562422927
2016-05-12,-0.0006471606431457043
2016-05-13,-0.009227764286870695
2016-05-16,0.007516323406595962
2016-05-17,0.0
2016-05-18,0.038598783652286854
2016-05-19,-0.010149937380544509
2016-05-20,0.0018930273212340637
2016-05-23,-0.0007872618733195313
2016-05-24,0.017018626174261482
2016-05-25,0.015184319566403474
2016-05-26,-0.007478602296028797
2016-05-27,0.0061510226995390715
2016-05-31,-0.002445407305517396
2016-06-01,0.006434886154506845
2016-06-02,0.0018267011165563095
2016-06-03,-0.01777843846766247
2016-06-06,0.00990099025218117
2016-06-07,-0.0033701134094688105
2016-06-08,0.0029204120172276506
2016-06-09,-0.007662835249042145
2016-06-10,-0.014054054054054
2016-06-13,-0.008928571428571433
2016-06-14,-0.01880825035561882
2016-06-15,-0.0017719232676570613
2016-06-16,0.004034210036562691
2016-06-17,0.0009642879947879318
2016-06-20,0.0014450867284054294
2016-06-21,0.009299374848474831
2016-06-22,-0.0038125813532553245
2016-06-23,0.021368266964890362
2016-06-24,-0.06947704592613374
2016-06-27,-0.03338921252983927
2016-06-28,0.03315394839170371
2016-06-29,0.028225823252688124
2016-06-30,0.015359444193473064
2016-07-01,-0.014161586967518298
2016-07-05,-0.027913794577662188
2016-07-06,0.010747271381146464
2016-07-07,0.006479531591286454
2016-07-08,0.020633871883992346
2016-07-11,0.007116254015324191
2016-07-12,0.01493497671430861
2016-07-13,-0.0006329272051752615
2016-07-14,0.015199540848638386
2016-07-15,0.0009356986461776967
2016-07-18,-0.00342787472732955
2016-07-19,-0.0015634459281338054
2016-07-20,0.0010961321469443086
2016-07-21,-0.003754121695604559
2016-07-22,0.005495399678056259
2016-07-25,-0.0026546220697280087
2016-07-26,0.004070737499150471
2016-07-27,0.0031187433238146637
2016-07-28,-0.003575376851379673
2016-07-29,-0.002028034384649995
2016-08-01,-0.0026575269242219294
2016-08-02,-0.0023510501935901135
2016-08-03,0.01586805920288895
2016-08-04,-0.001546643888237427
2016-08-05,0.02695175114472604
2016-08-08,-0.003016666530165985
2016-08-09,-0.0034795008617095934
2016-08-10,-0.008957096904944627
2016-08-11,0.00275735298341522
2016-08-12,-0.0021386954191674077
2016-08-15,0.006123714023270104
2016-08-16,-0.0001521911115004406
2016-08-17,0.002739309127063095
2016-08-18,0.0009105782502742656
2016-08-19,-0.0013646096147661585
2016-08-22,-0.0009109930016550275
2016-08-23,-0.0004560182162909658
2016-08-24,0.002736810220623738
2016-08-25,0.0018196058447128812
2016-08-26,0.002270334493718831
2016-08-29,0.01102379928988524
2016-08-30,0.008215131062664631
2016-08-31,0.0
2016-09-01,-0.004296311111111166
2016-09-02,0.004166031902485279
2016-09-06,-0.0007407912502826426
2016-09-07,-0.004151808892295201
2016-09-08,0.0013400237438937512
2016-09-09,-0.008921903345724898
2016-09-12,0.006151477684876776
2016-09-13,-0.00790335544000448
2016-09-14,-0.001953960648639165
2016-09-15,0.003614412541734599
2016-09-16,-0.012304907147432728
2016-09-19,0.005621422060164293
2016-09-20,0.004079120589843605
2016-09-21,0.005717679893434892
2016-09-22,0.008228651001116215
2016-09-23,-0.0020774447555638497
2016-09-26,-0.021858750929367975
2016-09-27,0.008817300225255297
2016-09-28,0.00527423138525871
2016-09-29,-0.015889626980806815
2016-09-30,0.014318263082459596
2016-10-03,-0.0012012915573684556
2016-10-04,0.0013531197909150462
2016-10-05,0.01636642691791083
2016-10-06,0.002659196257668748
2016-10-07,0.0035361424693026748
2016-10-10,0.007781500399625691
2016-10-11,-0.004807706946499372
2016-10-12,-0.0026350608296019876
2016-10-13,-0.005724336080625441
2016-10-14,-0.00324772669760038
2016-10-17,-0.005183634708988673
2016-10-18,0.007890412621420708
2016-10-19,0.00960119688040759
2016-10-20,-0.0013166935279207953
2016-10-21,0.003369410976577467
2016-10-24,0.005548328385116861
2016-10-25,-0.0010164076804235536
2016-10-26,0.004796424209458235
2016-10-27,0.001446636834079327
2016-10-28,-0.0017333814069024308
2016-10-31,0.002170467339452117
2016-11-01,-0.004187135310796031
2016-11-02,-0.004204741130857596
2016-11-03,-0.004368127548048977
2016-11-04,-0.009066905925719812
2016-11-07,0.03128682020995222
2016-11-08,0.0021465656330809605
2016-11-09,0.04598030909582044
2016-11-10,0.046416409556314
2016-11-11,0.0005218525630306736
2016-11-14,0.03677141643574338
2016-11-15,-0.0018865676798750825
2016-11-16,-0.024697567733145524
2016-11-17,0.008010271110845745
2016-11-18,-0.003973314687515398
2016-11-21,0.004375292811418097
2016-11-22,0.006149852422170949
2016-11-23,0.004202241235225194
2016-11-25,-0.00038040831371520593
2016-11-28,-0.006469643372583122
2016-11-29,0.007660852911133802
2016-11-30,0.01583882452708628
2016-12-01,0.02020709792209314
2016-12-02,-0.0023230590252713698
2016-12-05,0.020343186773117333
2016-12-06,0.0051645446753653314
2016-12-07,0.004540542369684568
2016-12-08,0.012489627691209752
2016-12-09,0.0043467456174784555
2016-12-12,-0.00888987036822721
2016-12-13,0.00035405404151825256
2016-12-14,-0.0003539287316204129
2016-12-15,0.014988751977265995
2016-12-16,-0.012325558139534804
2016-12-19,0.0057687542790498154
2016-12-20,0.012876027156736471
2016-12-21,0.0025424824054371747
2016-12-22,0.0016138213256484506
2016-12-23,0.0018414547340482844
2016-12-27,0.0009189431044591605
2016-12-28,-0.007230540820516762
2016-12-29,-0.007052034682080889
2016-12-30,0.004657142911365043
2017-01-03,0.010893521718698238
2017-01-04,-0.003668451094745414
2017-01-05,-0.009204958729492221
2017-01-06,0.00011615375547376972
2017-01-09,0.0006966674165119322
2017-01-10,0.0029009050823857042
2017-01-11,0.007520559990743961
2017-01-12,-0.009646347964025167
2017-01-13,0.005333940290675752
2017-01-17,-0.03633211198381002
2017-01-18,0.004667851418269884
2017-01-19,-0.007624481591029781
2017-01-20,0.004441716526708753
2017-01-23,0.0004780805659873893
2017-01-24,0.01206548813840029
2017-01-25,0.015462676871309379
2017-01-26,0.008369185265246793
2017-01-27,0.0020749279538905684
2017-01-30,-0.010353169216611101
2017-01-31,-0.01627341643930509
2017-02-01,0.0037811652055239134
2017-02-02,-0.004237798854778028
2017-02-03,0.030618325126768035
2017-02-06,-0.004702947923835779
2017-02-07,-0.0005761899473156287
2017-02-08,-0.008763860600047734
2017-02-09,0.01442529100075955
2017-02-10,-0.0022935436568879263
2017-02-13,0.013218413793103456
2017-02-14,0.015995416540092563
2017-02-15,0.011500647867366034
2017-02-16,-0.0006622916729127092
2017-02-17,-0.003313774476016588
2017-02-21,0.008644563604857729
2017-02-22,0.0005493462136171917
2017-02-23,0.0007687129534091349
2017-02-24,-0.008778613259473668
2017-02-27,0.0011070297551858722
2017-02-28,0.0021011058277119335
2017-03-01,0.03288451667784653
2017-03-02,-0.015598280247826462
2017-03-03,0.007163056296538495
2017-03-06,-0.009482812193443692
2017-03-07,-0.005548237718629975
2017-03-08,-0.0021879990290778724
2017-03-09,0.003946946650004863
2017-03-10,-0.0031669870044773347
2017-03-13,0.0008764461095140157
2017-03-14,0.0016418673200321349
2017-03-15,0.0024041197157879677
2017-03-16,-0.0009811838772096552
2017-03-17,-0.010475763972891317
2017-03-20,-0.007168074547860643
2017-03-21,-0.029323559139437516
2017-03-22,0.0016020139787391527
2017-03-23,-0.0015994516348617868
2017-03-24,-0.0011442728131854007
2017-03-27,-0.0005728376609825424
2017-03-28,0.015589179632947715
2017-03-29,-0.0037246163368987407
2017-03-30,0.00860996970465514
2017-03-31,-0.013366314875506225
2017-04-03,-0.0036429760311008632
2017-04-04,-0.0023994402102185913
2017-04-05,-0.012827809250436431
2017-04-06,0.003364670997455012
2017-04-07,-0.0034690447455233042
2017-04-10,-0.0034811209097238777
2017-04-11,-0.0017465533912397158
2017-04-12,-0.003849305825872837
2017-04-13,-0.011709601599306754
2017-04-17,0.01729856594079223
2017-04-18,-0.008152771859389988
2017-04-19,-0.008219879839366898
2017-04-20,0.012905564917186509
2017-04-21,-0.012039812552665839
2017-04-24,0.03525796386386521
2017-04-25,0.008685737142857143
2017-04-26,0.0019261046470405332
2017-04-27,-0.009272859889177993
2017-04-28,-0.006962686828413538
2017-05-01,0.0006896321839079668
2017-05-02,-0.006432322683949443
2017-05-03,0.005780346820809248
2017-05-04,0.0011494022988505674
2017-05-05,-0.0011480826899674483
2017-05-08,0.0011494022988505674
2017-05-09,-0.0040183468201686915
2017-05-10,0.007838616714697485
2017-05-11,-0.003088139082694797
2017-05-12,-0.002753625389920911
2017-05-15,0.0048320065538888625
2017-05-16,0.0030914244603354184
2017-05-17,-0.03812354710508442
2017-05-18,-0.00367862834977919
2017-05-19,0.009766555618944295
2017-05-22,-0.000943642379613704
2017-05-23,0.012514817444444585
2017-05-24,-0.0005830573558056097
2017-05-25,-0.0042002217267555556
2017-05-26,0.00011719976841707181
2017-05-30,-0.017104018075163756
2017-05-31,-0.02085816398431075
2017-06-01,0.011077248665191664
2017-06-02,-0.005056573683038014
2017-06-05,0.0018151258690116952
2017-06-06,0.0020533639080399643
2017-06-07,0.011451362240252732
2017-06-08,0.012394147901601763
2017-06-09,0.02366100142416721
2017-06-12,0.0002300368011733778
2017-06-13,0.003334030696687918
2017-06-14,-0.002062575984733955
2017-06-15,-0.005970789113367351
2017-06-16,-0.004505024835393166
2017-06-19,0.021930842422835765
2017-06-20,-0.00624506642443499
2017-06-21,-0.004570315513150744
2017-06-22,-0.0011479108879276943
2017-06-23,-0.0018386118767621503
2017-06-26,0.004374821501556315
2017-06-27,0.009284789300430795
2017-06-28,0.0201021798943038
2017-06-29,0.014807414829659403
2017-06-30,0.0027427317006531718
2017-07-03,0.014770218495181207
2017-07-05,0.010026954177897647
2017-07-06,-0.0032024231426131915
2017-07-07,0.005033208557502913
2017-07-10,-0.00703245619674912
2017-07-11,-0.003863075354371163
2017-07-12,-0.0034471614037023006
2017-07-13,0.006377645522048517
2017-07-14,-0.00912994649043923
2017-07-17,-0.009322504065040618
2017-07-18,-0.003501466281885066
2017-07-19,0.0014274404304381579
2017-07-20,0.0
2017-07-21,-0.0033991009890054396
2017-07-24,0.004290901136438571
2017-07-25,0.016652103600483168
2017-07-26,-0.009375032024514018
2017-07-27,-0.004133547264222811
2017-07-28,-0.0029492516783423822
2017-07-31,0.005696801114119207
2017-08-01,0.013398648799608425
2017-08-02,0.0008599591622052285
2017-08-03,-0.006551401497675818
2017-08-04,0.01254058378378379
2017-08-07,0.0038436150397773085
2017-08-08,-0.0036162200685881407
2017-08-09,-0.001601206233988078
2017-08-10,-0.014326921996438776
2017-08-11,-0.008352359076855366
2017-08-14,0.011704222526891846
2017-08-15,0.002594929237645745
2017-08-16,-0.006901833056125288
2017-08-17,-0.01563681249372623
2017-08-18,0.0009927854165960117
2017-08-21,-0.0012122658411343244
2017-08-22,0.010261514187184516
2017-08-23,0.0012013980166316674
2017-08-24,-0.0016363150787893435
2017-08-25,0.004042854153502644
2017-08-28,-0.003155958245249341
2017-08-29,-0.005458515403024354
2017-08-30,0.0023051592163590797
2017-08-31,-0.004599704404768359
2017-09-01,0.008911849586443423
2017-09-05,-0.023882170901270545
2017-09-06,0.00670315033620485
2017-09-07,-0.01753414695889298
2017-09-08,-0.0012425279706601048
2017-09-11,0.015494266353636554
2017-09-12,0.012250785028947704
2017-09-13,0.0028606337645575015
2017-09-14,-0.001974777795397133
2017-09-15,0.0071452346142109055
2017-09-18,0.014188986656112592
2017-09-19,0.010977227959045096
2017-09-20,0.007025718394172404
2017-09-21,0.004545465212377746
2017-09-22,-0.002104567000995088
2017-09-25,-0.007487071443908758
2017-09-26,-0.0044624520464581876
2017-09-27,0.01579512323783757
2017-09-28,0.002101250262660183
2017-09-29,0.0013630216406905218
2017-10-02,0.01392518031776399
2017-10-03,0.005266439705346539
2017-10-04,-0.010169460917708519
2017-10-05,0.007575705608388303
2017-10-06,-0.001750932196969158
2017-10-09,-0.005262010013660874
2017-10-10,0.007468032051943513
2017-10-11,-0.0029856996701029827
2017-10-12,-0.008777344435247594
2017-10-13,-0.0013542765153511413
2017-10-16,0.020655069678123646
2017-10-17,-0.002248497638941056
2017-10-18,0.0037901555893212068
2017-10-19,0.0012246453969720153
2017-10-20,0.01426970732575982
2017-10-23,-0.001708431279098967
2017-10-24,0.015904993593919545
2017-10-25,0.0009908739792088685
2017-10-26,0.0071273116351408755
2017-10-27,0.00029485945144213255
2017-10-30,-0.0035373195500831437
2017-10-31,-0.007888797637755776
2017-11-01,0.003081174802890576
2017-11-02,0.006638902232241491
2017-11-03,-0.0017717492576729563
2017-11-06,-0.006212454148014796
2017-11-07,-0.02014287577041952
2017-11-08,-0.01124051645569617
2017-11-09,-0.00010243752665339607
2017-11-10,-0.0012290792142501342
2017-11-13,0.003589365119693022
2017-11-14,-0.0060290618635901435
2017-11-15,0.009458260803688555
2017-11-16,0.0028516039749137538
2017-11-17,-0.0033512947765684826
2017-11-20,0.008864917555175407
2017-11-21,-0.0008080193756585647
2017-11-22,-0.002931375720206244
2017-11-24,-0.003244109927454581
2017-11-27,-0.0039666395443448575
2017-11-28,0.035025028081282446
2017-11-29,0.023382024236562503
2017-11-30,0.007615867898895243
2017-12-01,0.0025832760021988915
2017-12-04,0.020612615510901582
2017-12-05,-0.011500664184216853
2017-12-06,-0.007472578438586938
2017-12-07,-0.002954321928905078
2017-12-08,0.012521477369867882
2017-12-11,-0.0029264325497971285
2017-12-12,0.011645474011206025
2017-12-13,-0.012540908049432057
2017-12-14,-0.008056089317484794
2017-12-15,0.014140979776763646
2017-12-18,0.007725645446821543
2017-12-19,-0.00420715224576616
2017-12-20,-0.0034738803215870464
2017-12-21,0.015922395100079135
2017-12-22,-0.0035241119628284085
2017-12-26,-0.004001861442583313
2017-12-27,0.0018688469968840753
2017-12-28,0.005316172306321909
2017-12-29,-0.007885694332631065
2018-01-02,0.009444501413044572
2018-01-03,0.0010189995651412283
2018-01-04,0.009069063651102516
2018-01-05,-0.006419708305028395
2018-01-08,0.0014768691702739282
2018-01-09,0.005069152073732754
2018-01-10,0.011004098734412654
2018-01-11,0.0053514376417233495
2018-01-12,0.016510303735485458
2018-01-16,-0.003550199761253115
2018-01-17,0.006413120328131801
2018-01-18,0.0023896274429529604
2018-01-19,-0.0022073105737716657
2018-01-22,0.011680382060341946
2018-01-23,-0.001049619504073928
2018-01-24,0.012783460404373144
2018-01-25,0.0002593498791277204
2018-01-26,0.005358712325636421
2018-01-29,-0.0010316626547455035
2018-01-30,-0.009380344476256736
2018-01-31,0.004864885719182608
2018-02-01,0.010374384202894207
2018-02-02,-0.022161409544928252
2018-02-05,-0.04795236303773506
2018-02-06,0.030422774896430776
2018-02-07,0.0067790740631605215
2018-02-08,-0.044210205257104444
2018-02-09,0.02002228457607392
2018-02-12,0.015448900259461067
2018-02-13,0.006175067230625929
2018-02-14,0.023125491416881586
2018-02-15,0.004172850596999452
2018-02-16,-0.007185542252869092
2018-02-20,0.000261588768747728
2018-02-21,0.004184491362431366
2018-02-22,-0.0018230662067356372
2018-02-23,0.020264349793067904
2018-02-26,0.012445648494512894
2018-02-27,-0.011871651390207636
2018-02-28,-0.015848679142393643
2018-03-01,-0.017922077922077864
2018-03-02,-0.0009697610861325367
2018-03-05,0.015354729968231557
2018-03-06,0.0008691639295874801
2018-03-07,-0.003733943948108966
2018-03-08,8.7117578128221e-05
2018-03-09,0.02876070295905011
2018-03-12,-0.003219222270253988
2018-03-13,-0.011983715383861459
2018-03-14,-0.011182821505376377
2018-03-15,0.0025228447809355205
2018-03-16,0.0017355432442823103
2018-03-19,-0.007882908733837367
2018-03-20,0.0009604470528284859
2018-03-21,0.0008722871674135032
2018-03-22,-0.04174656687722797
2018-03-23,-0.026739382266649778
2018-03-26,0.030838201460831605
2018-03-27,-0.019399873436676162
2018-03-28,-0.0015715817984945563
2018-03-29,0.018240749999999965
2018-04-02,-0.01927801200983891
2018-04-03,0.013722800439922198
2018-04-04,0.015183352873257904
2018-04-05,0.008018731561739491
2018-04-06,-0.02493744257072159
2018-04-09,0.012008488844384973
2018-04-10,0.01911231849434205
2018-04-11,-0.016798497612683386
2018-04-12,0.024859879998376064
2018-04-13,-0.02707947357115262
2018-04-16,-0.0008159927248597402
2018-04-17,0.0
2018-04-18,-0.008075483241770133
2018-04-19,0.021953905964141998
2018-04-20,-0.0022377371801133444
2018-04-23,-0.004844361668212325
2018-04-24,-0.0046876047958172365
2018-04-25,-0.003804057465662267
2018-04-26,0.001000090935541243
2018-04-27,-0.006357820278979466
2018-04-30,-0.005667303369884737
2018-05-01,0.0
2018-05-02,-0.007905874314266275
2018-05-03,-0.006300963793568572
2018-05-04,0.011096624600832302
2018-05-07,0.008669215161855483
2018-05-08,0.014812059573592615
2018-05-09,0.021803820556875773
2018-05-10,0.007759430111650495
2018-05-11,-0.003762358878621471
2018-05-14,0.00035131740425686217
2018-05-15,-0.007638305397044655
2018-05-16,0.002742608181390815
2018-05-17,-0.003352717605530911
2018-05-18,-0.016200442777978365
2018-05-21,0.009178484905385155
2018-05-22,0.007668301245326767
2018-05-23,-0.004601398024928803
2018-05-24,-0.011200951394807595
2018-05-25,-0.005124507638465098
2018-05-29,-0.04274357336910989
2018-05-30,0.022845256301330996
2018-05-31,-0.012367291414255488
2018-06-01,0.012989439996459401
2018-06-04,0.0004612084785754485
2018-06-05,-0.005624721225211255
2018-06-06,0.023367999754005903
2018-06-07,0.0039869698805095775
2018-06-08,0.0027978158087233365
2018-06-11,-0.002520016177481534
2018-06-12,-0.005774609658493018
2018-06-13,-0.001996560450194116
2018-06-14,-0.017641192892232427
2018-06-15,-0.001203341675491481
2018-06-18,0.002594976782298912
2018-06-19,-0.005823599556295091
2018-06-20,-9.299860270575787e-05
2018-06-21,-0.0002789566646926446
2018-06-22,-0.016370588477898084
2018-06-25,-0.009078004728132352
2018-06-26,0.0006680026656359434
2018-06-27,-0.015449198784577515
2018-06-28,0.016369643866130323
2018-06-29,-0.0069570475555133
2018-07-02,0.008445345732591637
2018-07-03,-0.01398935070442814
2018-07-05,0.0010616735733840928
2018-07-06,0.0032780273498068785
2018-07-09,0.030943696539375398
2018-07-10,-0.00615208805138045
2018-07-11,-0.00215723122799006
2018-07-12,0.004323705276094572
2018-07-13,-0.004585840048401334
2018-07-16,0.039676579168140574
2018-07-17,-0.0007234762032289297
2018-07-18,0.009321257918552069
2018-07-19,-0.014704563926338782
2018-07-20,0.012649012764118785
2018-07-23,0.018601716558246873
2018-07-24,0.007057821033221379
2018-07-25,0.00902319738899353
2018-07-26,-0.0028650981073103615
2018-07-27,0.010274279673910001
2018-07-30,0.006032957045875633
2018-07-31,-0.01524891591067637
2018-08-01,0.006176659578338262
2018-08-02,0.004236537982481826
2018-08-03,0.008092931414671854
2018-08-06,0.00025627296118446935
2018-08-07,0.0036714479933885147
2018-08-08,0.002041667323479353
2018-08-09,-0.007725647272895436
2018-08-10,-0.009839100184097426
2018-08-13,-0.015899109585264536
2018-08-14,0.006673132028036962
2018-08-15,-0.008286131560643187
2018-08-16,0.009410730239509219
2018-08-17,0.0
2018-08-20,-0.0013069095052778176
2018-08-21,0.006107110292083977
2018-08-22,-0.003035024280263587
2018-08-23,-0.002087483673240987
2018-08-24,-0.00043583194188524154
2018-08-27,0.01770142134635498
2018-08-28,-0.00488390030746203
2018-08-29,-0.003271887405475206
2018-08-30,-0.004923980564547616
2018-08-31,-0.005295598484319841
2018-09-04,0.004974690085971487
2018-09-05,-0.004863273905978754
2018-09-06,-0.004276097539963261
2018-09-07,0.0019281507787580663
2018-09-10,-0.005335907977606691
2018-09-11,0.006331905780774922
2018-09-12,-0.011797588045093064
2018-09-13,0.003891006298355001
2018-09-14,-0.00017615398633250134
2018-09-17,0.002995559471365633
2018-09-18,0.004040820591736533
2018-09-19,0.029046368441477583
2018-09-20,0.008586923773501402
2018-09-21,-0.00657505706587857
2018-09-24,-0.00958843461329548
2018-09-25,-0.00282729606899158
2018-09-26,-0.011770787969505864
2018-09-27,-0.004347070188151718
2018-09-28,-0.014669935766763984
2018-10-01,0.005849025375718736
2018-10-02,0.00414097797356825
2018-10-03,0.009388435470839448
2018-10-04,0.0019992698018144127
2018-10-05,-0.005638882770162704
2018-10-08,0.006107110292083977
2018-10-09,-0.0069372441900796885
2018-10-10,-0.026632868319058787
2018-10-11,-0.029963254418558707
2018-10-12,-0.01091279046276129
2018-10-15,-0.005703609323149368
2018-10-16,0.02144072866055024
2018-10-17,0.01113974375419609
2018-10-18,-0.015842720279655536
2018-10-19,-0.0016652049834472988
2018-10-22,-0.014363848971778406
2018-10-23,-0.010436263534822616
2018-10-24,-0.018622318289786187
2018-10-25,0.015199922401007558
2018-10-26,-0.013732624320688348
2018-10-29,0.013827113011547407
2018-10-30,0.01764424449488303
2018-10-31,0.02174320585969658
2018-11-01,-0.0003668501293391816
2018-11-02,-0.0055056522617272586
2018-11-05,0.006551015128741849
2018-11-06,0.004675057463564304
2018-11-07,0.01715333060498776
2018-11-08,0.0080731429474397
2018-11-09,-0.009699199404676966
2018-11-12,-0.021026183655079737
2018-11-13,0.005874245228294986
2018-11-14,-0.020622265557888986
2018-11-15,0.025528724018844103
2018-11-16,-0.000726828381938705
2018-11-19,0.007637094420167255
2018-11-20,-0.02147437478165895
2018-11-21,-0.007468861432979045
2018-11-23,-0.009197296629480668
2018-11-26,0.024472573380729983
2018-11-27,0.00421013171865031
2018-11-28,0.011119221553780432
2018-11-29,-0.00793225152456743
2018-11-30,0.010267163552011094
2018-12-03,0.009443259116048878
2018-12-04,-0.044636449476772116
2018-12-06,-0.019024535511763342
2018-12-07,-0.018062562637844642
2018-12-10,-0.018685254926079503
2018-12-11,-0.009767146707111813
2018-12-12,0.006475978684587731
2018-12-13,0.0009899624130853357
2018-12-14,-0.008208089155218807
2018-12-17,-0.012762977238378964
2018-12-18,-0.004747005257105199
2018-12-19,-0.012685203849348448
2018-12-20,-0.008634021907349014
2018-12-21,-0.023639181658035757
2018-12-24,-0.0215567488915099
2018-12-26,0.04145865033056917
2018-12-27,0.011254710413242162
2018-12-28,-0.00216404573202752
2018-12-31,0.008158638683080782
2019-01-02,0.01731197447310052
2019-01-03,-0.02215282493510871
2019-01-04,0.03686542027736165
2019-01-07,0.0006952030848106764
2019-01-08,-0.0018856887279538452
2019-01-09,-0.0016903450333100583
2019-01-10,-9.96314721188705e-05
2019-01-11,-0.004781302966244699
2019-01-14,0.010309257919757528
2019-01-15,0.007331067815909097
2019-01-16,0.00806451612903219
2019-01-17,0.004097541463414562
2019-01-18,0.01622617598573998
2019-01-22,-0.01577583003253956
2019-01-23,-0.002525762531071255
2019-01-24,0.0005843202181534194
2019-01-25,0.0063266596520666
2019-01-28,0.004739317194499633
2019-01-29,0.0027916924179347976
2019-01-30,0.002303983916751234
2019-01-31,-0.00871567824094711
2019-02-01,0.0036714685990338457
2019-02-04,0.0035618310616624006
2019-02-05,-0.004412460431654641
2019-02-06,-0.0004817708788730409
2019-02-07,-0.013109707212448538
2019-02-08,-0.009962844597465714
2019-02-11,-0.004735635312395014
2019-02-12,0.017049970768734223
2019-02-13,0.004775809059957291
2019-02-14,-0.006499156329388225
2019-02-15,0.03056048682992565
2019-02-19,-0.0035054759780537093
2019-02-20,0.00484884959117703
2019-02-21,-0.0020815686993743317
2019-02-22,-0.0044562529206764335
2019-02-25,0.010476171428571423
2019-02-26,-0.007634279125999566
2019-02-27,-0.0012346566508248302
2019-02-28,-0.0076074835447895554
2019-03-01,0.0006707454899316254
2019-03-04,-0.0022981710236522064
2019-03-05,-0.0007678375896375353
2019-03-06,-0.003746037808605924
2019-03-07,-0.007231006486396004
2019-03-08,0.00038847236682073774
2019-03-11,0.01300840669821557
2019-03-12,-0.0029707427497985732
2019-03-13,0.003364071478622913
2019-03-14,0.009100459901335914
2019-03-15,0.01148668165888296
2019-03-18,0.006006560131209035
2019-03-19,-0.003638389707278885
2019-03-20,-0.021348370186843536
2019-03-21,-0.015786395401446544
2019-03-22,-0.030232340908943077
2019-03-25,-0.00831998780433057
2019-03-26,0.010007055493783338
2019-03-27,-0.003402682213824555
2019-03-28,0.011347629818284084
2019-03-29,0.005163380053255687
2019-04-01,0.03368562579218739
2019-04-02,0.004778287507437763
2019-04-03,0.001997327392023242
2019-04-04,0.0019933555195700502
2019-04-05,-0.0023683213787101436
2019-04-08,0.0032286013337499784
2019-04-09,-0.007382858355270108
2019-04-10,0.004481672418756413
2019-04-11,0.00844889912469711
2019-04-12,0.04687937361726329
2019-04-15,-0.011419809472347801
2019-04-16,0.010551173175346972
2019-04-17,0.02880292581103381
2019-04-18,-0.007349116167564821
2019-04-22,0.0012339062333325342
2019-04-23,0.0012323943878942724
2019-04-24,-0.0016704325948730555
2019-04-25,0.0005283839578585754
2019-04-26,0.00756975611680524
2019-04-29,0.01441427435647529
2019-04-30,-0.0006028246485663041
2019-05-01,-0.007669099327813056
2019-05-02,0.0021708925956619453
2019-05-03,0.006151971019773955
2019-05-06,-0.008870194397084176
2019-05-07,-0.016335016642106782
2019-05-08,-0.0052998675496852485
2019-05-09,-0.0007992540555966545
2019-05-10,-8.882865505234175e-05
2019-05-13,-0.027197626394140532
2019-05-14,0.00794886271216615
2019-05-15,-0.0038070884699056614
2019-05-16,0.012829808683715879
2019-05-17,-0.004851325215188572
2019-05-20,0.005236083919005575
2019-05-21,0.0034127077397881683
2019-05-22,-0.008144661018222681
2019-05-23,-0.01967154845695714
2019-05-24,0.009849042800525
2019-05-28,-0.010846796197673767
2019-05-29,-0.0027644305961417163
2019-05-30,-0.010718933554620863
2019-05-31,-0.010274603218281369
2019-06-03,0.004718761841437919
2019-06-04,0.030809684677904268
2019-06-05,0.0035538455176571363
2019-06-06,0.0021792972535901725
2019-06-07,-0.010963114678904162
2019-06-10,0.01080974676402539
2019-06-11,0.003081421173877943
2019-06-12,-0.012739456089627784
2019-06-13,0.002470980208775883
2019-06-14,0.002556134721963253
2019-06-17,-0.00546347659806954
2019-06-18,0.01364217163850786
2019-06-19,-0.007226041073308975
2019-06-20,0.002547520606040613
2019-06-21,-0.0068064251419107874
2019-06-24,-0.0071271745773543215
2019-06-25,-0.008282734832220333
2019-06-26,0.0066815236324883915
2019-06-27,0.003318519450999673
2019-06-28,0.027195949180299533
2019-07-01,0.016815715112279587
2019-07-02,0.0010556210415200297
2019-07-03,-0.008611625432031056
2019-07-05,0.005938645630207471
2019-07-08,-0.005462992430399047
2019-07-09,0.004252635662639279
2019-07-10,-0.0029113454417528596
2019-07-11,0.009555839928043847
2019-07-12,0.010517134277250421
2019-07-15,-0.012142245998033522
2019-07-16,0.010711158723245644
2019-07-17,-0.00981588751348449
2019-07-18,0.005965435669189086
2019-07-19,-0.009854338708543353
2019-07-22,0.006429416888942953
2019-07-23,0.018290050362038544
2019-07-24,0.004039197283953363
2019-07-25,-0.009586604303918535
2019-07-26,0.004407587973447308
2019-07-29,-0.0031836430632967987
2019-07-30,-0.0022442987008079195
2019-07-31,0.0035470543661927346
2019-08-01,-0.026379293103448217
2019-08-02,-8.8560295934828e-05
2019-08-05,-0.029752944301779983
2019-08-06,0.007848863740074962
2019-08-07,-0.0217332337227203
2019-08-08,0.016939757631581513
2019-08-09,-0.0010923265875447878
2019-08-12,-0.01877162418027375
2019-08-13,0.015416010401188637
2019-08-14,-0.04152179592177775
2019-08-15,0.0038167365319635763
2019-08-16,0.023954411329498423
2019-08-19,0.009004836529847512
2019-08-20,-0.012696696794614225
2019-08-21,0.0027956668119591597
2019-08-22,0.010315026388671806
2019-08-23,-0.024834473649425304
2019-08-26,0.008017412035957645
2019-08-27,-0.010573640575269723
2019-08-28,0.01002463608898502
2019-08-29,0.02265915666687755
2019-08-30,0.005859732596047134
2019-09-03,-0.01183326950816252
2019-09-04,0.012067105970285702
2019-09-05,0.02275416339071184
2019-09-06,0.0021357835151076744
2019-09-09,0.024775783458167305
2019-09-10,0.012738310004535323
2019-09-11,0.002738076424966036
2019-09-12,0.006143885892245259
2019-09-13,0.019676014937629854
2019-09-16,-0.008899600543135608
2019-09-17,-0.004951359350407605
2019-09-18,0.010036282364847828
2019-09-19,-0.0031730543892275237
2019-09-20,-0.004020732216972684
2019-09-23,-0.00016825062795202986
2019-09-24,-0.013038316277884794
2019-09-25,0.00571037235642417
2019-09-26,-0.008220347457627088
2019-09-27,0.0058959412620348105
2019-09-30,-0.0002548335010631664
2019-10-01,-0.0181833542665757
2019-10-02,-0.01990482856153629
2019-10-03,-0.009359805739514287
2019-10-04,0.02165969299118107
2019-10-07,-0.002181120166259287
2019-10-08,-0.02229608230402865
2019-10-09,0.007243757825076104
2019-10-10,0.014028252171577285
2019-10-11,0.01689869553365469
2019-10-14,0.0026691751564419516
2019-10-15,0.03014170966444937
2019-10-16,-0.0023341030538020385
2019-10-17,0.005598245320855552
2019-10-18,0.0017449107061887426
2019-10-21,0.024800970882564305
2019-10-22,0.010036406069532834
2019-10-23,0.0026444586694088835
2019-10-24,-0.0007193414149773743
2019-10-25,0.007998080524658726
2019-10-28,0.0038086408300296534
2019-10-29,-0.0006323768772052762
2019-10-30,-0.005536636874159696
2019-10-31,-0.006442416135152752
2019-11-01,0.02305479543795711
2019-11-04,0.007981251768828206
2019-11-05,0.0021735676508696637
2019-11-06,0.001549163367196096
2019-11-07,0.005413743107183038
2019-11-08,0.002923115384615471
2019-11-11,-0.0035282020429437677
2019-11-12,-0.0058497076023660164
2019-11-13,-0.005264849635650483
2019-11-14,0.0009340753715466159
2019-11-15,0.007231671513296788
2019-11-18,0.008415008171195809
2019-11-19,-0.00030617823863782336
2019-11-20,-0.007275210487437396
2019-11-21,0.0023141864416342866
2019-11-22,0.006618949021262437
2019-11-25,0.0053521831750538845
2019-11-26,0.0013688721055261659
2019-11-27,0.0029619503753620076
2019-11-29,-0.0022717174355856326
2019-12-02,-0.0022009260094462448
2019-12-03,-0.012854658759757618
2019-12-04,0.01972566666455269
2019-12-05,0.005440547240155745
2019-12-06,0.014880467681954827
2019-12-09,-0.004665203144671123
2019-12-10,0.0006695632566158177
2019-12-11,-0.002379234200743524
2019-12-12,0.028618357432765733
2019-12-13,-0.008766888602611494
2019-12-16,0.003873971257568308
2019-12-17,0.006116186285603293
2019-12-18,-0.0010131712772630897
2019-12-19,-0.004998457222465766
2019-12-20,-0.0008008809260627998
2019-12-23,-0.00029151849710294214
2019-12-24,0.0027697158040026143
2019-12-26,0.01061194198848735
2019-12-27,0.0007192606806302673
2019-12-30,-0.0036653299099130916
2019-12-31,0.005554273766346478
